{
  "annotations": {
    "list": [
      {
        "builtIn": 1,
        "datasource": {
          "type": "datasource",
          "uid": "grafana"
        },
        "enable": true,
        "hide": true,
        "iconColor": "rgba(0, 211, 255, 1)",
        "name": "Annotations & Alerts",
        "target": {
          "limit": 100,
          "matchAny": false,
          "tags": [],
          "type": "dashboard"
        },
        "type": "dashboard"
      }
    ]
  },
  "description": "System metrics",
  "editable": true,
  "fiscalYearStartMonth": 0,
  "graphTooltip": 1,
  "id": 1,
  "links": [],
  "liveNow": false,
  "panels": [
    {
      "collapsed": false,
      "datasource": {
        "type": "prometheus",
        "uid": "PBFA97CFB590B2093"
      },
      "gridPos": {
        "h": 1,
        "w": 24,
        "x": 0,
        "y": 0
      },
      "id": 54,
      "panels": [],
      "targets": [
        {
          "datasource": {
            "type": "prometheus",
            "uid": "PBFA97CFB590B2093"
          },
          "refId": "A"
        }
      ],
      "type": "row"
    },
    {
      "datasource": {
        "type": "prometheus",
        "uid": "PBFA97CFB590B2093"
      },
      "gridPos": {
        "h": 2,
        "w": 24,
        "x": 0,
        "y": 1
      },
      "id": 51,
      "options": {
        "code": {
          "language": "plaintext",
          "showLineNumbers": false,
          "showMiniMap": false
        },
        "content": "<h1>CPU<h1>",
        "mode": "html"
      },
      "pluginVersion": "9.4.3",
      "targets": [
        {
          "datasource": {
            "type": "prometheus",
            "uid": "PBFA97CFB590B2093"
          },
          "refId": "A"
        }
      ],
      "transparent": true,
      "type": "text"
    },
    {
      "datasource": {
        "type": "prometheus",
        "uid": "PBFA97CFB590B2093"
      },
      "fieldConfig": {
        "defaults": {
          "color": {
            "mode": "thresholds"
          },
          "decimals": 0,
          "displayName": "Uptime",
          "mappings": [
            {
              "options": {
                "match": "null",
                "result": {
                  "text": "N/A"
                }
              },
              "type": "special"
            }
          ],
          "thresholds": {
            "mode": "absolute",
            "steps": [
              {
                "color": "blue",
                "value": null
              }
            ]
          },
          "unit": "s"
        },
        "overrides": []
      },
      "gridPos": {
        "h": 4,
        "w": 4,
        "x": 0,
        "y": 3
      },
      "hideTimeOverride": true,
      "id": 1,
      "links": [],
      "maxDataPoints": 100,
      "options": {
        "colorMode": "background",
        "fieldOptions": {
          "calcs": ["mean"]
        },
        "graphMode": "none",
        "justifyMode": "center",
        "orientation": "auto",
        "reduceOptions": {
          "calcs": ["last"],
          "fields": "",
          "values": false
        },
        "text": {},
        "textMode": "auto"
      },
      "pluginVersion": "9.4.3",
      "targets": [
        {
          "datasource": {
            "type": "prometheus",
            "uid": "PBFA97CFB590B2093"
          },
          "expr": "node_time_seconds - node_boot_time_seconds",
          "instant": true,
          "interval": "",
          "intervalFactor": 1,
          "legendFormat": "Uptime",
          "refId": "A",
          "step": 30
        }
      ],
      "timeFrom": "10s",
      "transparent": true,
      "type": "stat"
    },
    {
      "datasource": {
        "type": "prometheus",
        "uid": "PBFA97CFB590B2093"
      },
      "description": "",
      "fieldConfig": {
        "defaults": {
          "displayName": "CPU Usage",
          "mappings": [],
          "max": 100,
          "min": 0,
          "thresholds": {
            "mode": "absolute",
            "steps": [
              {
                "color": "blue",
                "value": null
              },
              {
                "color": "yellow",
                "value": 60
              },
              {
                "color": "red",
                "value": 80
              }
            ]
          },
          "unit": "percent"
        },
        "overrides": []
      },
      "gridPos": {
        "h": 4,
        "w": 4,
        "x": 4,
        "y": 3
      },
      "id": 64,
      "links": [],
      "options": {
        "colorMode": "background",
        "graphMode": "none",
        "justifyMode": "auto",
        "orientation": "auto",
        "reduceOptions": {
          "calcs": ["last"],
          "fields": "",
          "values": false
        },
        "text": {},
        "textMode": "auto"
      },
      "pluginVersion": "9.4.3",
      "targets": [
        {
          "datasource": {
            "type": "prometheus",
            "uid": "PBFA97CFB590B2093"
          },
          "expr": "sum(rate(node_cpu_seconds_total{mode!=\"idle\"}[1m])) by (instance) * 100 / scalar(count(node_cpu_seconds_total{mode=\"user\"}))",
          "interval": "",
          "intervalFactor": 1,
          "legendFormat": "CPU Usage",
          "metric": "node_cpu_seconds_total",
          "refId": "A",
          "step": 10
        }
      ],
      "transparent": true,
      "type": "stat"
    },
    {
      "datasource": {
        "type": "prometheus",
        "uid": "PBFA97CFB590B2093"
      },
      "fieldConfig": {
        "defaults": {
          "decimals": 0,
          "displayName": "CPU Cores",
          "mappings": [
            {
              "options": {
                "match": "null",
                "result": {
                  "text": "N/A"
                }
              },
              "type": "special"
            }
          ],
          "thresholds": {
            "mode": "absolute",
            "steps": [
              {
                "color": "blue",
                "value": null
              }
            ]
          },
          "unit": "none"
        },
        "overrides": []
      },
      "gridPos": {
        "h": 4,
        "w": 4,
        "x": 8,
        "y": 3
      },
      "hideTimeOverride": true,
      "id": 61,
      "links": [],
      "maxDataPoints": 100,
      "options": {
        "colorMode": "background",
        "fieldOptions": {
          "calcs": ["mean"]
        },
        "graphMode": "none",
        "justifyMode": "auto",
        "orientation": "auto",
        "reduceOptions": {
          "calcs": ["last"],
          "fields": "",
          "values": false
        },
        "text": {},
        "textMode": "auto"
      },
      "pluginVersion": "9.4.3",
      "targets": [
        {
          "datasource": {
            "type": "prometheus",
            "uid": "PBFA97CFB590B2093"
          },
          "expr": "machine_cpu_cores",
          "instant": true,
          "interval": "",
          "intervalFactor": 1,
          "legendFormat": "CPU Cores",
          "refId": "A",
          "step": 30
        }
      ],
      "timeFrom": "10s",
      "transparent": true,
      "type": "stat"
    },
    {
      "datasource": {
        "type": "prometheus",
        "uid": "PBFA97CFB590B2093"
      },
      "description": "",
      "gridPos": {
        "h": 1,
        "w": 1,
        "x": 23,
        "y": 3
      },
      "id": 77,
      "options": {
        "activeTheme": "Transparent",
        "disableThemePicker": true,
        "themes": [
          {
            "name": "Transparent",
            "styles": [
              {
                "props": {
                  "theme": "default"
                },
                "type": "basetheme"
              },
              {
                "props": {
                  "url": ""
                },
                "type": "bgimage"
              },
              {
                "props": {
                  "url": ""
                },
                "type": "url"
              },
              {
                "props": {
                  "text": "body, .panel-container, .dashboard-container, main { background-color: rgba(0,0,0,0)!important; }"
                },
                "type": "style"
              }
            ]
          }
        ]
      },
      "pluginVersion": "0.2.1",
      "transparent": true,
      "type": "yesoreyeram-boomtheme-panel"
    },
    {
      "datasource": {
        "type": "prometheus",
        "uid": "PBFA97CFB590B2093"
      },
      "fieldConfig": {
        "defaults": {
          "decimals": 1,
          "mappings": [],
          "max": 1,
          "min": 0,
          "thresholds": {
            "mode": "percentage",
            "steps": [
              {
                "color": "rgb(128, 128, 128)",
                "value": null
              },
              {
                "color": "dark-blue",
                "value": 0.0001
              },
              {
                "color": "red",
                "value": 80
              }
            ]
          },
          "unit": "percentunit"
        },
        "overrides": []
      },
      "gridPos": {
        "h": 4,
        "w": 24,
        "x": 0,
        "y": 7
      },
      "id": 70,
      "options": {
        "colorMode": "background",
        "graphMode": "none",
        "justifyMode": "auto",
        "orientation": "vertical",
        "reduceOptions": {
          "calcs": ["last"],
          "fields": "",
          "values": false
        },
        "text": {},
        "textMode": "auto"
      },
      "pluginVersion": "9.4.3",
      "targets": [
        {
          "datasource": {
            "type": "prometheus",
            "uid": "PBFA97CFB590B2093"
          },
          "exemplar": true,
          "expr": "sum(rate(container_cpu_usage_seconds_total{image!=\"\"}[1m])) by (name)",
          "interval": "",
          "legendFormat": "{{ name }}",
          "refId": "A"
        }
      ],
      "transparent": true,
      "type": "stat"
    },
    {
      "collapsed": false,
      "datasource": {
        "type": "prometheus",
        "uid": "PBFA97CFB590B2093"
      },
      "gridPos": {
        "h": 1,
        "w": 24,
        "x": 0,
        "y": 11
      },
      "id": 56,
      "panels": [],
      "targets": [
        {
          "datasource": {
            "type": "prometheus",
            "uid": "PBFA97CFB590B2093"
          },
          "refId": "A"
        }
      ],
      "type": "row"
    },
    {
      "datasource": {
        "type": "prometheus",
        "uid": "PBFA97CFB590B2093"
      },
      "gridPos": {
        "h": 2,
        "w": 24,
        "x": 0,
        "y": 12
      },
      "id": 36,
      "options": {
        "code": {
          "language": "plaintext",
          "showLineNumbers": false,
          "showMiniMap": false
        },
        "content": "<h1>Memory<h1>",
        "mode": "html"
      },
      "pluginVersion": "9.4.3",
      "targets": [
        {
          "datasource": {
            "type": "prometheus",
            "uid": "PBFA97CFB590B2093"
          },
          "refId": "A"
        }
      ],
      "transparent": true,
      "type": "text"
    },
    {
      "datasource": {
        "type": "prometheus",
        "uid": "PBFA97CFB590B2093"
      },
      "fieldConfig": {
        "defaults": {
          "decimals": 0,
          "mappings": [],
          "max": 100,
          "min": 0,
          "thresholds": {
            "mode": "absolute",
            "steps": [
              {
                "color": "orange",
                "value": null
              },
              {
                "color": "red",
                "value": 80
              }
            ]
          },
          "unit": "percent"
        },
        "overrides": []
      },
      "gridPos": {
        "h": 5,
        "w": 6,
        "x": 0,
        "y": 14
      },
      "id": 29,
      "options": {
        "colorMode": "background",
        "graphMode": "none",
        "justifyMode": "center",
        "orientation": "auto",
        "reduceOptions": {
          "calcs": ["last"],
          "fields": "",
          "values": false
        },
        "text": {},
        "textMode": "auto"
      },
      "pluginVersion": "9.4.3",
      "targets": [
        {
          "datasource": {
            "type": "prometheus",
            "uid": "PBFA97CFB590B2093"
          },
          "editorMode": "code",
          "exemplar": false,
          "expr": "(1 - (node_memory_MemAvailable_bytes / node_memory_MemTotal_bytes)) * 100",
          "format": "time_series",
          "instant": false,
          "interval": "",
          "legendFormat": "Memory",
          "range": true,
          "refId": "A"
        }
      ],
      "transparent": true,
      "type": "stat"
    },
    {
      "datasource": {
        "type": "prometheus",
        "uid": "PBFA97CFB590B2093"
      },
      "fieldConfig": {
        "defaults": {
          "color": {
            "mode": "palette-classic"
          },
          "custom": {
            "axisCenteredZero": false,
            "axisColorMode": "text",
            "axisLabel": "",
            "axisPlacement": "auto",
            "barAlignment": 0,
            "drawStyle": "line",
            "fillOpacity": 43,
            "gradientMode": "none",
            "hideFrom": {
              "legend": false,
              "tooltip": false,
              "viz": false
            },
            "lineInterpolation": "linear",
            "lineStyle": {
              "fill": "solid"
            },
            "lineWidth": 2,
            "pointSize": 5,
            "scaleDistribution": {
              "type": "linear"
            },
            "showPoints": "never",
            "spanNulls": false,
            "stacking": {
              "group": "A",
              "mode": "normal"
            },
            "thresholdsStyle": {
              "mode": "off"
            }
          },
          "links": [],
          "mappings": [],
          "min": 0,
          "thresholds": {
            "mode": "absolute",
            "steps": [
              {
                "color": "green",
                "value": null
              },
              {
                "color": "red",
                "value": 80
              }
            ]
          },
          "unit": "decbytes"
        },
        "overrides": [
          {
            "matcher": {
              "id": "byName",
              "options": "Used"
            },
            "properties": [
              {
                "id": "color",
                "value": {
                  "fixedColor": "#BF1B00",
                  "mode": "fixed"
                }
              }
            ]
          },
          {
            "matcher": {
              "id": "byName",
              "options": "Free"
            },
            "properties": [
              {
                "id": "color",
                "value": {
                  "fixedColor": "#7EB26D",
                  "mode": "fixed"
                }
              }
            ]
          },
          {
            "matcher": {
              "id": "byName",
              "options": "Buffers"
            },
            "properties": [
              {
                "id": "color",
                "value": {
                  "fixedColor": "#6ED0E0",
                  "mode": "fixed"
                }
              }
            ]
          },
          {
            "matcher": {
              "id": "byName",
              "options": "Cached"
            },
            "properties": [
              {
                "id": "color",
                "value": {
                  "fixedColor": "#EF843C",
                  "mode": "fixed"
                }
              }
            ]
          }
        ]
      },
      "gridPos": {
        "h": 8,
        "w": 18,
        "x": 6,
        "y": 14
      },
      "id": 6,
      "links": [],
      "options": {
        "legend": {
          "calcs": ["mean", "lastNotNull", "max"],
          "displayMode": "table",
          "placement": "right",
          "showLegend": true
        },
        "tooltip": {
          "mode": "multi",
          "sort": "none"
        }
      },
      "pluginVersion": "9.3.6",
      "targets": [
        {
          "datasource": {
            "type": "prometheus",
            "uid": "PBFA97CFB590B2093"
          },
          "expr": "node_memory_MemTotal_bytes - (node_memory_MemFree_bytes + node_memory_Buffers_bytes + node_memory_Cached_bytes)",
          "intervalFactor": 1,
          "legendFormat": "Used",
          "refId": "A",
          "step": 1
        },
        {
          "datasource": {
            "type": "prometheus",
            "uid": "PBFA97CFB590B2093"
          },
          "expr": "node_memory_Cached_bytes",
          "interval": "",
          "intervalFactor": 1,
          "legendFormat": "Cached",
          "refId": "B",
          "step": 1
        },
        {
          "datasource": {
            "type": "prometheus",
            "uid": "PBFA97CFB590B2093"
          },
          "expr": "node_memory_Buffers_bytes",
          "intervalFactor": 1,
          "legendFormat": "Buffers",
          "refId": "C",
          "step": 1
        },
        {
          "datasource": {
            "type": "prometheus",
            "uid": "PBFA97CFB590B2093"
          },
          "expr": "node_memory_MemFree_bytes",
          "interval": "",
          "intervalFactor": 1,
          "legendFormat": "Free",
          "refId": "D",
          "step": 1
        }
      ],
      "transparent": true,
      "type": "timeseries"
    },
    {
      "datasource": {
        "type": "prometheus",
        "uid": "PBFA97CFB590B2093"
      },
      "description": "",
      "fieldConfig": {
        "defaults": {
          "decimals": 1,
          "mappings": [
            {
              "options": {
                "match": "null",
                "result": {
                  "text": "N/A"
                }
              },
              "type": "special"
            }
          ],
          "thresholds": {
            "mode": "absolute",
            "steps": [
              {
                "color": "orange",
                "value": null
              }
            ]
          },
          "unit": "decbytes"
        },
        "overrides": []
      },
      "gridPos": {
        "h": 3,
        "w": 6,
        "x": 0,
        "y": 19
      },
      "hideTimeOverride": true,
      "id": 2,
      "links": [],
      "maxDataPoints": 100,
      "options": {
        "colorMode": "background",
        "fieldOptions": {
          "calcs": ["mean"]
        },
        "graphMode": "none",
        "justifyMode": "center",
        "orientation": "vertical",
        "reduceOptions": {
          "calcs": ["last"],
          "fields": "",
          "values": false
        },
        "text": {},
        "textMode": "auto"
      },
      "pluginVersion": "9.4.3",
      "targets": [
        {
          "datasource": {
            "type": "prometheus",
            "uid": "PBFA97CFB590B2093"
          },
          "expr": "node_memory_MemTotal_bytes - node_memory_MemAvailable_bytes",
          "instant": true,
          "interval": "",
          "intervalFactor": 1,
          "legendFormat": "Current",
          "refId": "A",
          "step": 60
        },
        {
          "datasource": {
            "type": "prometheus",
            "uid": "PBFA97CFB590B2093"
          },
          "expr": "node_memory_MemTotal_bytes",
          "instant": true,
          "interval": "",
          "legendFormat": "Max",
          "refId": "B"
        }
      ],
      "timeFrom": "10s",
      "transparent": true,
      "type": "stat"
    },
    {
      "datasource": {
        "type": "prometheus",
        "uid": "PBFA97CFB590B2093"
      },
      "description": "",
      "fieldConfig": {
        "defaults": {
          "color": {
            "mode": "palette-classic"
          },
          "custom": {
            "axisCenteredZero": false,
            "axisColorMode": "text",
            "axisLabel": "",
            "axisPlacement": "auto",
            "barAlignment": 0,
            "drawStyle": "line",
            "fillOpacity": 0,
            "gradientMode": "none",
            "hideFrom": {
              "legend": false,
              "tooltip": false,
              "viz": false
            },
            "lineInterpolation": "stepBefore",
            "lineWidth": 1,
            "pointSize": 5,
            "scaleDistribution": {
              "type": "linear"
            },
            "showPoints": "auto",
            "spanNulls": false,
            "stacking": {
              "group": "A",
              "mode": "none"
            },
            "thresholdsStyle": {
              "mode": "off"
            }
          },
          "mappings": [],
          "thresholds": {
            "mode": "absolute",
            "steps": [
              {
                "color": "green",
                "value": null
              },
              {
                "color": "red",
                "value": 80
              }
            ]
          },
          "unit": "decbytes"
        },
        "overrides": []
      },
      "gridPos": {
        "h": 5,
        "w": 19,
        "x": 2,
        "y": 22
      },
      "id": 75,
      "options": {
        "legend": {
          "calcs": [],
          "displayMode": "list",
          "placement": "bottom",
          "showLegend": true
        },
        "tooltip": {
          "mode": "single",
          "sort": "none"
        }
      },
      "targets": [
        {
          "datasource": {
            "type": "prometheus",
            "uid": "PBFA97CFB590B2093"
          },
          "editorMode": "code",
          "expr": "sum(container_memory_usage_bytes{image!=\"\"}) by (name)",
          "legendFormat": "__auto",
          "range": true,
          "refId": "A"
        }
      ],
      "title": "Memory Usage by Container",
      "type": "timeseries"
    },
    {
      "datasource": {
        "type": "prometheus",
        "uid": "PBFA97CFB590B2093"
      },
      "fieldConfig": {
        "defaults": {
          "decimals": 1,
          "mappings": [],
          "thresholds": {
            "mode": "absolute",
            "steps": [
              {
                "color": "rgb(128, 128, 128)",
                "value": null
              },
              {
                "color": "dark-orange",
                "value": 0
              }
            ]
          },
          "unit": "decbytes"
        },
        "overrides": []
      },
      "gridPos": {
        "h": 4,
        "w": 24,
        "x": 0,
        "y": 27
      },
      "id": 68,
      "options": {
        "colorMode": "background",
        "graphMode": "none",
        "justifyMode": "center",
        "orientation": "vertical",
        "reduceOptions": {
          "calcs": ["last"],
          "fields": "",
          "values": false
        },
        "text": {},
        "textMode": "auto"
      },
      "pluginVersion": "9.4.3",
      "targets": [
        {
          "datasource": {
            "type": "prometheus",
            "uid": "PBFA97CFB590B2093"
          },
          "expr": "sum(container_memory_usage_bytes{image!=\"\"}) by (name)",
          "interval": "",
          "legendFormat": "{{ name }}",
          "refId": "A"
        }
      ],
      "transparent": true,
      "type": "stat"
    },
    {
      "collapsed": false,
      "datasource": {
        "type": "prometheus",
        "uid": "PBFA97CFB590B2093"
      },
      "gridPos": {
        "h": 1,
        "w": 24,
        "x": 0,
        "y": 31
      },
      "id": 58,
      "panels": [],
      "targets": [
        {
          "datasource": {
            "type": "prometheus",
            "uid": "PBFA97CFB590B2093"
          },
          "refId": "A"
        }
      ],
      "type": "row"
    },
    {
      "datasource": {
        "type": "prometheus",
        "uid": "PBFA97CFB590B2093"
      },
      "gridPos": {
        "h": 2,
        "w": 24,
        "x": 0,
        "y": 32
      },
      "id": 37,
      "options": {
        "code": {
          "language": "plaintext",
          "showLineNumbers": false,
          "showMiniMap": false
        },
        "content": "<h1>Disk<h1>",
        "mode": "html"
      },
      "pluginVersion": "9.4.3",
      "targets": [
        {
          "datasource": {
            "type": "prometheus",
            "uid": "PBFA97CFB590B2093"
          },
          "refId": "A"
        }
      ],
      "transparent": true,
      "type": "text"
    },
    {
      "datasource": {
        "type": "prometheus",
        "uid": "PBFA97CFB590B2093"
      },
      "fieldConfig": {
        "defaults": {
          "decimals": 1,
          "mappings": [],
          "thresholds": {
            "mode": "absolute",
            "steps": [
              {
                "color": "rgb(128, 128, 128)",
                "value": null
              },
              {
                "color": "dark-green",
                "value": 0
              }
            ]
          },
          "unit": "decbytes"
        },
        "overrides": []
      },
      "gridPos": {
        "h": 4,
        "w": 24,
        "x": 0,
        "y": 34
      },
      "id": 66,
      "options": {
        "colorMode": "background",
        "graphMode": "none",
        "justifyMode": "center",
        "orientation": "vertical",
        "reduceOptions": {
          "calcs": ["last"],
          "fields": "",
          "values": false
        },
        "text": {},
        "textMode": "auto"
      },
      "pluginVersion": "9.4.3",
      "targets": [
        {
          "datasource": {
            "type": "prometheus",
            "uid": "PBFA97CFB590B2093"
          },
          "expr": "sum(container_fs_usage_bytes{image!=\"\"}) by (name)",
          "interval": "",
          "legendFormat": "{{ name }}",
          "refId": "A"
        }
      ],
      "transparent": true,
      "type": "stat"
    },
    {
      "datasource": {
        "type": "prometheus",
        "uid": "PBFA97CFB590B2093"
      },
      "fieldConfig": {
        "defaults": {
          "color": {
            "mode": "palette-classic"
          },
          "custom": {
            "axisCenteredZero": false,
            "axisColorMode": "text",
            "axisLabel": "",
            "axisPlacement": "auto",
            "barAlignment": 0,
            "drawStyle": "line",
            "fillOpacity": 10,
            "gradientMode": "none",
            "hideFrom": {
              "legend": false,
              "tooltip": false,
              "viz": false
            },
            "lineInterpolation": "stepBefore",
            "lineWidth": 2,
            "pointSize": 5,
            "scaleDistribution": {
              "type": "linear"
            },
            "showPoints": "never",
            "spanNulls": true,
            "stacking": {
              "group": "A",
              "mode": "none"
            },
            "thresholdsStyle": {
              "mode": "off"
            }
          },
          "links": [],
          "mappings": [],
          "min": 0,
          "thresholds": {
            "mode": "absolute",
            "steps": [
              {
                "color": "green",
                "value": null
              },
              {
                "color": "red",
                "value": 80
              }
            ]
          },
          "unit": "Bps"
        },
        "overrides": [
          {
            "matcher": {
              "id": "byName",
              "options": "io time"
            },
            "properties": [
              {
                "id": "unit",
                "value": "ms"
              }
            ]
          },
          {
            "matcher": {
              "id": "byType",
              "options": "time"
            },
            "properties": [
              {
                "id": "custom.axisPlacement",
                "value": "left"
              }
            ]
          }
        ]
      },
      "gridPos": {
        "h": 6,
        "w": 14,
        "x": 5,
        "y": 38
      },
      "id": 7,
      "links": [],
      "options": {
        "legend": {
          "calcs": ["max"],
          "displayMode": "list",
          "placement": "bottom",
          "showLegend": true
        },
        "tooltip": {
          "mode": "multi",
          "sort": "none"
        }
      },
      "pluginVersion": "9.3.6",
      "targets": [
        {
          "datasource": {
            "type": "prometheus",
            "uid": "PBFA97CFB590B2093"
          },
          "editorMode": "code",
          "expr": "sum(irate(node_disk_read_bytes_total[1m]))",
          "interval": "",
          "intervalFactor": 1,
          "legendFormat": "read",
          "metric": "node_disk_read_bytes_total",
          "range": true,
          "refId": "A",
          "step": 1
        },
        {
          "datasource": {
            "type": "prometheus",
            "uid": "PBFA97CFB590B2093"
          },
          "expr": "sum(irate(node_disk_written_bytes_total[1m]))",
          "intervalFactor": 1,
          "legendFormat": "written",
          "metric": "node_disk_written_bytes_total",
          "refId": "B",
          "step": 1
        },
        {
          "datasource": {
            "type": "prometheus",
            "uid": "PBFA97CFB590B2093"
          },
          "expr": "sum(irate(node_disk_io_time_seconds_total[1m]))",
          "intervalFactor": 1,
          "legendFormat": "io time",
          "metric": "node_disk_io_time_seconds_total",
          "refId": "C",
          "step": 1
        }
      ],
      "title": "I/O ",
      "transparent": true,
      "type": "timeseries"
    },
    {
      "collapsed": false,
      "datasource": {
        "type": "prometheus",
        "uid": "PBFA97CFB590B2093"
      },
      "gridPos": {
        "h": 1,
        "w": 24,
        "x": 0,
        "y": 44
      },
      "id": 60,
      "panels": [],
      "targets": [
        {
          "datasource": {
            "type": "prometheus",
            "uid": "PBFA97CFB590B2093"
          },
          "refId": "A"
        }
      ],
      "type": "row"
    },
    {
      "datasource": {
        "type": "prometheus",
        "uid": "PBFA97CFB590B2093"
      },
      "gridPos": {
        "h": 2,
        "w": 24,
        "x": 0,
        "y": 45
      },
      "id": 52,
      "options": {
        "code": {
          "language": "plaintext",
          "showLineNumbers": false,
          "showMiniMap": false
        },
        "content": "<h1>Network<h1>",
        "mode": "html"
      },
      "pluginVersion": "9.4.3",
      "targets": [
        {
          "datasource": {
            "type": "prometheus",
            "uid": "PBFA97CFB590B2093"
          },
          "refId": "A"
        }
      ],
      "transparent": true,
      "type": "text"
    },
    {
      "datasource": {
        "type": "prometheus",
        "uid": "PBFA97CFB590B2093"
      },
      "fieldConfig": {
        "defaults": {
          "decimals": 1,
          "mappings": [],
          "thresholds": {
            "mode": "absolute",
            "steps": [
              {
                "color": "purple",
                "value": null
              }
            ]
          },
          "unit": "bps"
        },
        "overrides": []
      },
      "gridPos": {
        "h": 8,
        "w": 6,
        "x": 0,
        "y": 47
      },
      "id": 73,
      "links": [],
      "options": {
        "colorMode": "background",
        "graphMode": "none",
        "justifyMode": "center",
        "orientation": "horizontal",
        "reduceOptions": {
          "calcs": ["last"],
          "fields": "",
          "values": false
        },
        "text": {},
        "textMode": "auto"
      },
      "pluginVersion": "9.4.3",
      "targets": [
        {
          "datasource": {
            "type": "prometheus",
            "uid": "PBFA97CFB590B2093"
          },
          "expr": "sum(irate(node_network_transmit_bytes_total{device!=\"lo\"}[1m]))",
          "instant": false,
          "interval": "",
          "intervalFactor": 1,
          "legendFormat": "Upload",
          "metric": "node_network_receive_bytes_total",
          "refId": "A",
          "step": 1
        },
        {
          "datasource": {
            "type": "prometheus",
            "uid": "PBFA97CFB590B2093"
          },
          "expr": "sum(irate(node_network_receive_bytes_total{device!=\"lo\"}[1m]))",
          "instant": false,
          "interval": "",
          "intervalFactor": 1,
          "legendFormat": "Download",
          "metric": "node_network_receive_bytes_total",
          "refId": "B",
          "step": 1
        }
      ],
      "transparent": true,
      "type": "stat"
    },
    {
      "aliasColors": {},
      "bars": false,
      "dashLength": 10,
      "dashes": false,
      "datasource": {
        "type": "prometheus",
        "uid": "PBFA97CFB590B2093"
      },
      "decimals": 2,
      "editable": true,
      "error": false,
      "fieldConfig": {
        "defaults": {
          "links": []
        },
        "overrides": []
      },
      "fill": 4,
      "fillGradient": 0,
      "grid": {},
      "gridPos": {
        "h": 8,
        "w": 18,
        "x": 6,
        "y": 47
      },
      "hiddenSeries": false,
      "id": 8,
      "isNew": true,
      "legend": {
        "alignAsTable": true,
        "avg": true,
        "current": true,
        "max": true,
        "min": false,
        "rightSide": true,
        "show": true,
        "total": false,
        "values": true
      },
      "lines": true,
      "linewidth": 2,
      "links": [],
      "nullPointMode": "null",
      "options": {
        "alertThreshold": true
      },
      "percentage": false,
      "pluginVersion": "9.4.3",
      "pointradius": 5,
      "points": false,
      "renderer": "flot",
      "seriesOverrides": [],
      "spaceLength": 10,
      "stack": true,
      "steppedLine": false,
      "targets": [
        {
          "datasource": {
            "type": "prometheus",
            "uid": "PBFA97CFB590B2093"
          },
          "expr": "sum(irate(node_network_receive_bytes_total{device!=\"lo\"}[1m]))",
          "interval": "",
          "intervalFactor": 1,
          "legendFormat": "Download",
          "metric": "node_network_receive_bytes_total",
          "refId": "A",
          "step": 1
        },
        {
          "datasource": {
            "type": "prometheus",
            "uid": "PBFA97CFB590B2093"
          },
          "expr": "sum(irate(node_network_transmit_bytes_total{device!=\"lo\"}[1m]))",
          "interval": "",
          "intervalFactor": 1,
          "legendFormat": "Upload",
          "metric": "node_network_transmit_bytes_total",
          "refId": "B",
          "step": 1
        }
      ],
      "thresholds": [],
      "timeRegions": [],
      "tooltip": {
        "msResolution": true,
        "shared": true,
        "sort": 2,
        "value_type": "individual"
      },
      "transparent": true,
      "type": "graph",
      "xaxis": {
        "mode": "time",
        "show": false,
        "values": []
      },
      "yaxes": [
        {
          "format": "bps",
          "logBase": 1,
          "min": 0,
          "show": true
        },
        {
          "format": "short",
          "logBase": 1,
          "show": false
        }
      ],
      "yaxis": {
        "align": false
      }
    },
    {
      "datasource": {
        "type": "prometheus",
        "uid": "PBFA97CFB590B2093"
      },
      "gridPos": {
        "h": 2,
        "w": 24,
        "x": 0,
        "y": 55
      },
      "id": 78,
      "options": {
        "code": {
          "language": "plaintext",
          "showLineNumbers": false,
          "showMiniMap": false
        },
        "content": "<h3>Transmitted<h3>",
        "mode": "html"
      },
      "pluginVersion": "9.4.3",
      "targets": [
        {
          "datasource": {
            "type": "prometheus",
            "uid": "PBFA97CFB590B2093"
          },
          "refId": "A"
        }
      ],
      "transparent": true,
      "type": "text"
    },
    {
      "datasource": {
        "type": "prometheus",
        "uid": "PBFA97CFB590B2093"
      },
      "fieldConfig": {
        "defaults": {
          "decimals": 1,
          "mappings": [],
          "thresholds": {
            "mode": "absolute",
            "steps": [
              {
                "color": "rgb(128, 128, 128)",
                "value": null
              },
              {
                "color": "dark-purple",
                "value": 0
              }
            ]
          },
          "unit": "bps"
        },
        "overrides": []
      },
      "gridPos": {
        "h": 4,
        "w": 24,
        "x": 0,
        "y": 57
      },
      "id": 72,
      "options": {
        "colorMode": "background",
        "graphMode": "none",
        "justifyMode": "center",
        "orientation": "vertical",
        "reduceOptions": {
          "calcs": ["last"],
          "fields": "",
          "values": false
        },
        "text": {},
        "textMode": "auto"
      },
      "pluginVersion": "9.4.3",
      "targets": [
        {
          "datasource": {
            "type": "prometheus",
            "uid": "PBFA97CFB590B2093"
          },
          "expr": "sum(rate(container_network_transmit_bytes_total{image!=\"\"}[1m])) by (name)",
          "interval": "",
          "legendFormat": "{{ name }}",
          "refId": "A"
        }
      ],
      "transparent": true,
      "type": "stat"
    },
    {
      "datasource": {
        "type": "prometheus",
        "uid": "PBFA97CFB590B2093"
      },
      "gridPos": {
        "h": 2,
        "w": 24,
        "x": 0,
        "y": 61
      },
      "id": 79,
      "options": {
        "code": {
          "language": "plaintext",
          "showLineNumbers": false,
          "showMiniMap": false
        },
        "content": "<h3>Received<h3>",
        "mode": "html"
      },
      "pluginVersion": "9.4.3",
      "targets": [
        {
          "datasource": {
            "type": "prometheus",
            "uid": "PBFA97CFB590B2093"
          },
          "refId": "A"
        }
      ],
      "transparent": true,
      "type": "text"
    },
    {
      "datasource": {
        "type": "prometheus",
        "uid": "PBFA97CFB590B2093"
      },
      "fieldConfig": {
        "defaults": {
          "decimals": 1,
          "mappings": [],
          "thresholds": {
            "mode": "absolute",
            "steps": [
              {
                "color": "rgb(128, 128, 128)",
                "value": null
              },
              {
                "color": "dark-purple",
                "value": 0
              }
            ]
          },
          "unit": "bps"
        },
        "overrides": []
      },
      "gridPos": {
        "h": 4,
        "w": 24,
        "x": 0,
        "y": 63
      },
      "id": 71,
      "options": {
        "colorMode": "background",
        "graphMode": "none",
        "justifyMode": "center",
        "orientation": "vertical",
        "reduceOptions": {
          "calcs": ["last"],
          "fields": "",
          "values": false
        },
        "text": {},
        "textMode": "auto"
      },
      "pluginVersion": "9.4.3",
      "targets": [
        {
          "datasource": {
            "type": "prometheus",
            "uid": "PBFA97CFB590B2093"
          },
          "expr": "sum(rate(container_network_receive_bytes_total{image!=\"\"}[1m])) by (name)",
          "interval": "",
          "legendFormat": "{{ name }}",
          "refId": "A"
        }
      ],
      "transparent": true,
      "type": "stat"
    }
  ],
  "refresh": "10s",
  "revision": 1,
  "schemaVersion": 38,
  "style": "dark",
  "tags": ["system"],
  "templating": {
    "list": [
      {
        "hide": 2,
        "label": "File System Types",
        "name": "fstypes",
        "query": "ext4|fuseblk",
        "skipUrlSync": false,
        "type": "constant"
      }
    ]
  },
  "time": {
    "from": "now-6h",
    "to": "now"
  },
  "timepicker": {
    "refresh_intervals": [
      "10s",
      "30s",
      "1m",
      "5m",
      "15m",
      "30m",
      "1h",
      "2h",
      "1d"
    ],
    "time_options": ["5m", "15m", "1h", "6h", "12h", "24h", "2d", "7d", "30d"]
  },
  "timezone": "browser",
  "title": "System",
  "uid": "h5LcytHGz",
  "version": 1,
  "weekStart": ""
}
